,danceability,energy,key,loudness,mode,speechiness,acousticness,instrumentalness,liveness,valence,tempo,duration_ms,time_signature
0,0.813,0.56,2,-5.904,0,0.0618,0.108,0.0,0.268,0.287,118.033,286041,4
1,0.672,0.745,5,-5.269,0,0.3,0.438,9.29e-06,0.0699,0.739,173.974,413111,4
2,0.806,0.875,7,-3.817,1,0.088,0.0838,0.00192,0.065,0.917,125.063,224693,4
3,0.734,0.933,11,-4.639,0,0.0578,0.0375,0.0,0.302,0.935,120.987,218413,4
4,0.709,0.801,0,-4.688,1,0.0533,0.0252,0.0,0.159,0.829,128.007,189840,4
5,0.894,0.858,9,-2.348,1,0.188,0.024,0.0,0.263,0.96,96.065,172559,4
6,0.742,0.874,9,-4.328,1,0.0835,0.021,0.0,0.251,0.814,96.935,161664,4
7,0.819,0.781,1,-4.879,1,0.0547,0.0323,0.0012,0.121,0.385,100.062,163680,4
8,0.843,0.789,7,-2.801,1,0.247,0.0028,2.41e-05,0.0322,0.571,125.071,182413,4
9,0.898,0.677,11,-6.422,0,0.243,0.0223,0.0,0.35,0.578,130.027,154493,4
10,0.685,0.909,3,-4.034,0,0.0396,0.0471,0.0,0.35,0.922,95.004,248769,4
11,0.83,0.739,7,-5.395,0,0.0627,0.136,2.11e-06,0.162,0.631,97.993,240413,4
12,0.824,0.819,4,-4.336,0,0.0786,0.125,2.45e-05,0.137,0.616,92.001,182863,4
13,0.843,0.7,4,-3.563,0,0.0803,0.0934,0.0,0.14,0.899,93.991,226088,4
14,0.698,0.845,7,-4.705,1,0.12,0.176,0.0,0.239,0.749,171.938,276105,4
15,0.826,0.878,6,-2.389,0,0.0599,0.0242,0.0,0.0789,0.686,94.994,145120,4
16,0.711,0.839,7,-6.288,1,0.117,0.0472,0.0,0.0806,0.932,179.936,190880,4
17,0.819,0.955,7,-0.521,0,0.0908,0.161,2.08e-05,0.289,0.725,89.959,226500,4
18,0.793,0.631,10,-5.862,0,0.0381,0.333,0.00136,0.24,0.331,127.946,226547,4
19,0.754,0.841,11,-3.19,1,0.135,0.113,0.0,0.466,0.541,128.019,267547,4
20,0.762,0.766,7,-3.955,1,0.0343,0.00776,6.98e-05,0.128,0.442,130.001,287120,4
21,0.924,0.723,8,-3.142,1,0.0466,0.0177,2.61e-05,0.113,0.643,126.998,130667,4
22,0.859,0.616,0,-5.645,0,0.129,0.712,0.196,0.0935,0.722,137.054,168571,4
23,0.803,0.579,4,-4.584,0,0.0512,0.525,7.02e-05,0.124,0.342,131.924,160089,4
24,0.83,0.698,1,-5.549,0,0.163,0.224,0.00065,0.0761,0.825,144.929,216828,4
25,0.77,0.859,0,-4.526,0,0.0429,0.468,0.00339,0.103,0.548,122.042,177583,4
26,0.669,0.628,2,-4.177,1,0.0526,0.294,1.83e-05,0.124,0.784,83.803,177857,4
27,0.657,0.702,9,-7.667,0,0.0482,0.0723,0.0,0.188,0.75,145.022,211394,4
28,0.656,0.823,1,-3.059,0,0.315,0.47,0.0,0.103,0.755,96.474,160000,4
29,0.869,0.694,1,-3.35,0,0.0783,0.356,0.00125,0.0878,0.511,90.02,224997,4
30,0.755,0.698,10,-5.554,1,0.106,0.14,0.0,0.12,0.678,176.022,171691,4
31,0.776,0.629,0,-6.09,1,0.0505,0.0268,0.0,0.114,0.104,97.066,209147,4
32,0.731,0.879,11,-3.881,0,0.0743,0.111,0.00272,0.291,0.656,93.001,172907,4
33,0.745,0.994,2,-2.194,0,0.0497,0.0909,0.0546,0.0684,0.972,122.049,202827,4
34,0.819,0.741,8,-6.538,0,0.0412,0.104,0.0,0.283,0.84,97.014,210933,4
35,0.76,0.9,5,-4.782,1,0.0668,0.0715,0.0,0.221,0.761,100.046,209493,4
36,0.817,0.714,4,-7.501,0,0.141,0.184,0.000132,0.042,0.714,94.001,204600,4
37,0.872,0.786,1,-5.473,1,0.142,0.0348,0.0,0.0776,0.722,95.986,172680,4
38,0.703,0.909,4,-4.456,0,0.0358,0.216,1.57e-06,0.162,0.777,97.982,239920,4
39,0.675,0.919,11,-6.075,0,0.0366,0.0606,0.00653,0.103,0.726,97.017,252773,4
40,0.732,0.708,9,-7.905,0,0.262,0.534,0.0,0.237,0.717,175.924,267787,4
41,0.671,0.881,9,-4.331,0,0.305,0.528,0.0,0.383,0.733,179.968,254080,4
42,0.808,0.682,2,-7.128,1,0.0963,0.171,1.42e-06,0.464,0.491,89.987,235627,4
43,0.73,0.732,4,-5.167,0,0.051,0.0427,2.22e-06,0.262,0.974,129.974,180453,4
44,0.815,0.856,1,-3.825,0,0.122,0.4,8.34e-05,0.244,0.872,91.995,151667,4
45,0.761,0.876,6,-5.705,0,0.0658,0.00967,0.00444,0.103,0.352,121.032,193237,4
46,0.822,0.708,1,-4.651,0,0.0825,0.169,1.84e-05,0.114,0.456,94.974,208008,4
47,0.818,0.648,2,-3.847,0,0.131,0.0166,1.01e-05,0.177,0.713,92.019,196727,4
48,0.79,0.631,8,-5.549,0,0.0425,0.437,0.0,0.158,0.889,94.039,190005,4
49,0.62,0.744,6,-2.576,0,0.142,0.66,5.8e-06,0.141,0.589,180.014,273198,4
50,0.788,0.771,4,-3.206,0,0.0563,0.291,5.62e-05,0.172,0.701,99.038,207853,4
51,0.807,0.803,11,-4.156,1,0.126,0.602,0.00853,0.136,0.706,91.987,258800,4
52,0.785,0.572,2,-7.504,1,0.123,0.0598,0.0,0.218,0.49,100.016,235284,4
53,0.786,0.808,7,-3.702,1,0.0881,0.0846,0.000289,0.0822,0.608,105.029,301714,4
54,0.795,0.783,5,-4.271,1,0.0432,0.361,0.0,0.437,0.799,92.01,266087,4
55,0.799,0.701,2,-3.272,1,0.282,0.309,7.36e-05,0.0514,0.607,100.946,201920,4
56,0.725,0.79,0,-2.331,1,0.197,0.0711,1.14e-06,0.0602,0.763,175.988,287773,4
57,0.681,0.648,1,-5.021,0,0.38,0.523,0.0,0.104,0.688,172.02,286507,4
58,0.647,0.661,11,-5.027,1,0.2,0.121,2.27e-06,0.12,0.811,113.358,305962,5
59,0.61,0.624,2,-4.773,1,0.309,0.6,2.12e-06,0.243,0.244,176.169,250534,4
60,0.796,0.683,10,-2.754,0,0.15,0.108,0.0,0.107,0.353,140.108,207731,4
61,0.694,0.758,11,-2.986,1,0.218,0.278,1.34e-06,0.102,0.371,192.091,185195,4
62,0.806,0.786,10,-3.831,0,0.0741,0.145,0.0,0.0935,0.58,91.973,309120,4
63,0.817,0.672,11,-5.612,0,0.299,0.441,0.0,0.13,0.774,93.999,332240,4
64,0.739,0.832,1,-3.244,1,0.151,0.119,1.35e-05,0.245,0.776,176.04,377580,4
65,0.743,0.709,3,-3.922,0,0.0879,0.0451,5.18e-06,0.0809,0.831,170.001,258600,4
66,0.677,0.722,2,-4.443,0,0.0626,0.538,0.0,0.11,0.786,172.0,173452,4
67,0.903,0.737,5,-7.442,0,0.161,0.355,1.48e-06,0.284,0.766,100.021,464214,4
68,0.584,0.698,8,-3.961,1,0.106,0.09,6.87e-05,0.171,0.765,166.047,204787,4
69,0.866,0.747,9,-5.748,1,0.0725,0.122,0.0217,0.0403,0.772,93.983,220133,4
70,0.866,0.602,11,-5.236,1,0.0844,0.434,3.06e-05,0.0567,0.836,95.016,239093,4
71,0.89,0.748,1,-3.844,0,0.0976,0.186,2.07e-06,0.133,0.402,94.06,219867,4
72,0.729,0.726,5,-3.208,1,0.0422,0.223,0.0,0.101,0.876,92.025,217130,4
73,0.737,0.832,2,-2.622,0,0.0798,0.12,0.0,0.255,0.865,173.986,330240,4
74,0.694,0.796,6,-4.164,1,0.0565,0.48,0.000384,0.108,0.515,93.064,212312,4
75,0.603,0.815,0,-3.572,1,0.0904,0.0361,0.0,0.133,0.79,105.254,214919,4
76,0.903,0.675,11,-3.445,0,0.214,0.542,1.28e-05,0.0595,0.442,96.507,417920,4
77,0.663,0.696,9,-4.957,0,0.103,0.0561,3.77e-05,0.0778,0.738,180.113,235747,4
78,0.807,0.633,10,-6.016,0,0.0929,0.0564,0.0,0.107,0.325,138.038,311726,4
79,0.855,0.664,9,-7.11,0,0.0607,0.165,3.97e-05,0.0937,0.626,98.015,226800,4
80,0.817,0.539,6,-6.349,0,0.0621,0.0141,0.000496,0.099,0.158,97.062,210368,4
81,0.842,0.801,8,-4.167,0,0.228,0.157,4.82e-06,0.0642,0.617,95.881,212500,4
82,0.737,0.86,8,-2.652,0,0.0593,0.11,1.94e-06,0.0574,0.656,93.989,193227,4
83,0.835,0.703,10,-4.177,0,0.231,0.56,0.0,0.144,0.502,94.211,187255,4
84,0.839,0.832,0,-2.492,1,0.0531,0.0622,4.59e-06,0.282,0.529,92.004,235773,4
85,0.814,0.813,2,-3.023,0,0.0561,0.03,9.33e-05,0.255,0.839,79.997,232550,4
86,0.878,0.555,1,-7.639,0,0.202,0.138,1.34e-06,0.151,0.751,88.029,190909,4
87,0.745,0.836,5,-4.336,0,0.0444,0.145,0.00314,0.116,0.874,96.993,203187,4
88,0.75,0.76,1,-4.836,1,0.198,0.187,0.0,0.0548,0.893,183.817,195213,4
89,0.74,0.879,9,-2.251,0,0.105,0.193,8.25e-05,0.0928,0.948,103.71,226893,4
90,0.852,0.773,8,-2.921,0,0.0776,0.187,3.05e-05,0.159,0.907,102.034,195840,4
91,0.689,0.675,0,-4.281,1,0.32,0.531,3.17e-06,0.115,0.604,180.065,205600,4
92,0.742,0.893,10,-2.671,1,0.117,0.115,6.67e-05,0.125,0.777,177.879,209427,4
93,0.73,0.701,5,-5.885,0,0.106,0.132,0.0,0.151,0.785,175.95,207307,4
94,0.748,0.866,11,-3.41,0,0.057,0.111,0.0,0.0727,0.839,96.037,221053,4
95,0.718,0.711,8,-5.746,0,0.11,0.157,5.54e-05,0.1,0.92,173.916,226413,4
96,0.747,0.739,5,-5.256,0,0.0931,0.142,0.0,0.273,0.737,175.978,243227,4
97,0.73,0.809,5,-6.406,0,0.0876,0.208,0.0013,0.0804,0.825,101.965,171093,4
98,0.64,0.943,5,-3.542,1,0.137,0.0464,0.0,0.137,0.637,198.062,197053,4
99,0.757,0.632,2,-6.83,1,0.0549,0.499,0.0,0.0723,0.742,122.936,235133,4
100,0.806,0.804,6,-4.84,0,0.146,0.0615,0.0,0.115,0.766,88.018,190311,4
101,0.842,0.893,9,-4.277,1,0.0462,0.104,0.0,0.289,0.713,121.035,193627,4
102,0.843,0.729,6,-3.634,0,0.0374,0.401,1.2e-06,0.206,0.903,123.046,250640,4
103,0.872,0.726,5,-3.513,0,0.0324,0.346,0.0,0.114,0.875,117.012,234760,4
104,0.733,0.794,5,-4.328,1,0.0447,0.359,0.0,0.16,0.857,140.186,236293,4
105,0.783,0.781,4,-3.079,1,0.0419,0.574,0.0,0.323,0.771,125.9,237093,4
106,0.869,0.684,1,-4.915,1,0.0456,0.362,0.0,0.0737,0.88,115.052,264267,4
107,0.731,0.67,4,-6.43,0,0.203,0.0278,0.0,0.131,0.658,175.944,199933,4
108,0.789,0.736,9,-5.738,0,0.0691,0.0485,0.0,0.045,0.926,82.011,213560,4
109,0.772,0.796,0,-5.205,1,0.0755,0.27,0.0,0.307,0.804,89.993,186760,4
110,0.832,0.608,6,-6.042,0,0.0385,0.282,0.0,0.0761,0.589,94.013,198707,4
111,0.786,0.812,8,-3.038,1,0.0491,0.0884,0.0,0.265,0.675,93.226,226400,4
112,0.763,0.82,1,-4.873,0,0.0373,0.0515,4.65e-05,0.316,0.905,119.971,224787,4
113,0.639,0.869,11,-4.024,1,0.147,0.27,0.0,0.0802,0.767,169.801,307910,4
114,0.832,0.772,10,-5.429,1,0.1,0.0559,0.000486,0.44,0.704,96.016,209453,4
115,0.827,0.646,1,-4.727,0,0.0766,0.0724,0.0,0.247,0.512,92.057,197840,4
116,0.685,0.859,5,-2.595,0,0.0553,0.116,0.0,0.317,0.891,176.018,204520,4
117,0.744,0.804,1,-6.327,1,0.0677,0.0231,0.0,0.0494,0.426,104.823,205715,4
118,0.739,0.821,1,-4.233,1,0.0852,0.222,9.6e-06,0.311,0.693,171.077,188080,4
119,0.766,0.756,5,-5.861,1,0.132,0.213,0.0,0.349,0.716,94.027,230000,4
120,0.761,0.829,0,-3.203,0,0.0682,0.169,0.0,0.189,0.814,92.034,252003,4
121,0.657,0.933,9,-3.624,0,0.181,0.17,0.000137,0.204,0.637,89.931,261307,4
122,0.829,0.878,9,-5.951,1,0.101,0.0959,0.0,0.776,0.883,87.991,239307,4
123,0.887,0.701,4,-5.892,0,0.0873,0.106,0.00948,0.0466,0.965,110.002,315293,4
124,0.687,0.806,1,-6.019,0,0.0549,0.0358,5.83e-06,0.0569,0.534,176.064,189040,4
125,0.857,0.801,0,-6.499,1,0.0618,0.332,1.2e-06,0.0789,0.753,96.009,192600,4
126,0.846,0.747,1,-5.074,0,0.0533,0.0947,0.0,0.159,0.517,95.003,220057,4
127,0.76,0.893,10,-3.913,0,0.0639,0.0758,8.21e-05,0.321,0.948,107.994,218507,4
128,0.788,0.873,7,-2.322,1,0.117,0.00607,0.00052,0.0908,0.703,91.981,193613,4
129,0.741,0.787,5,-6.228,1,0.0525,0.217,0.0179,0.0835,0.771,91.993,255680,4
130,0.831,0.818,2,-7.827,1,0.0825,0.0242,0.000336,0.0892,0.807,95.023,212413,4
131,0.725,0.88,10,-3.74,1,0.118,0.066,0.0,0.156,0.683,95.965,204174,4
132,0.807,0.643,10,-7.347,0,0.0522,0.0707,5.61e-05,0.0865,0.821,94.983,199368,4
133,0.747,0.898,1,-3.683,1,0.0709,0.0613,1.66e-06,0.0886,0.689,91.97,208947,4
134,0.575,0.862,11,-3.889,0,0.0787,0.0274,0.0,0.302,0.681,130.05,219505,4
135,0.836,0.777,6,-5.376,0,0.0439,0.0951,1.68e-06,0.0561,0.504,94.977,190564,4
136,0.858,0.835,4,-4.852,0,0.122,0.225,5.76e-06,0.0613,0.466,88.0,220987,4
137,0.836,0.961,7,-2.679,0,0.0635,0.194,0.0,0.074,0.76,109.957,170006,4
138,0.699,0.91,4,-4.405,0,0.036,0.217,2.66e-06,0.146,0.792,97.971,239920,4
139,0.83,0.622,9,-8.343,1,0.204,0.384,0.0,0.0677,0.428,92.017,208894,4
140,0.686,0.722,2,-5.4,1,0.256,0.108,0.0,0.494,0.515,94.006,205707,4
141,0.759,0.842,8,-3.758,1,0.096,0.101,0.0,0.134,0.584,105.059,263253,4
142,0.783,0.7,7,-4.726,1,0.179,0.235,0.0,0.0861,0.53,160.013,224405,4
143,0.818,0.88,6,-2.411,0,0.0577,0.0237,0.0,0.0777,0.686,94.985,144987,4
144,0.844,0.793,10,-4.642,0,0.295,0.291,0.0,0.159,0.802,117.04,157116,4
145,0.794,0.739,11,-3.758,1,0.0587,0.184,0.0,0.266,0.448,95.046,250841,4
146,0.811,0.728,1,-4.424,0,0.0619,0.0609,0.000658,0.137,0.725,88.001,217627,4
147,0.804,0.745,4,-5.963,0,0.229,0.00849,0.000942,0.0378,0.635,183.985,162400,4
148,0.775,0.867,5,-1.582,0,0.0414,0.0132,0.00684,0.278,0.869,96.038,265747,4
149,0.75,0.665,8,-3.083,1,0.124,0.265,0.0,0.0515,0.697,95.239,219357,4
150,0.483,0.916,1,-3.728,1,0.144,0.0156,0.0,0.319,0.721,129.79,184217,4
151,0.715,0.964,1,-3.176,0,0.162,0.0985,0.0,0.291,0.535,91.976,304747,4
152,0.79,0.858,2,-2.78,1,0.0471,0.303,0.0,0.61,0.79,92.05,192000,4
153,0.607,0.829,2,-4.074,1,0.379,0.0103,0.0,0.107,0.685,96.172,295177,4
154,0.86,0.758,11,-5.16,1,0.0695,0.021,6.54e-05,0.344,0.453,97.014,172127,4
155,0.737,0.766,10,-4.242,0,0.0458,0.31,6.63e-06,0.114,0.662,93.956,196500,4
156,0.685,0.848,8,-4.561,0,0.0858,0.0861,7.14e-06,0.0783,0.761,179.87,163084,4
157,0.772,0.83,7,-5.019,1,0.0599,0.016,0.0,0.0843,0.697,94.011,194200,4
158,0.762,0.801,1,-3.661,0,0.0409,0.2,7.04e-05,0.254,0.81,93.992,136893,4
159,0.55,0.598,11,-5.402,0,0.0831,0.132,2.58e-06,0.0955,0.543,83.836,232496,4
160,0.747,0.95,4,-2.946,0,0.263,0.0417,1.72e-06,0.0875,0.689,183.912,239587,4
161,0.744,0.868,1,-4.524,1,0.047,0.0326,0.0,0.0822,0.586,93.037,206420,4
162,0.641,0.857,1,-5.725,0,0.301,0.013,0.00534,0.0695,0.961,122.728,157733,5
163,0.652,0.595,11,-4.04,1,0.113,0.15,0.000115,0.0842,0.444,172.27,150853,4
164,0.755,0.617,9,-5.144,1,0.182,0.0217,0.0,0.0625,0.745,193.896,202887,4
165,0.879,0.703,1,-4.219,1,0.0701,0.143,0.0,0.0569,0.788,94.004,199711,4
166,0.922,0.927,11,-3.025,1,0.105,0.283,0.00331,0.719,0.796,129.978,219000,4
167,0.854,0.943,11,-4.876,0,0.0846,0.11,1.41e-05,0.0528,0.53,129.256,239578,4
168,0.655,0.725,0,-5.497,1,0.188,0.0327,0.00264,0.0611,0.326,125.8,300579,4
169,0.765,0.79,4,-2.129,0,0.0488,0.394,0.000487,0.142,0.613,147.03,163265,4
170,0.789,0.752,0,-4.114,1,0.0364,0.0961,0.0,0.0888,0.902,139.969,170107,4
171,0.771,0.885,8,-3.66,1,0.0508,0.222,0.0,0.0918,0.826,128.031,231604,4
172,0.715,0.622,4,-5.102,0,0.046,0.163,0.0,0.0948,0.808,80.015,195053,4
173,0.78,0.719,3,-3.613,0,0.0506,0.302,0.000196,0.0931,0.336,127.962,199604,4
174,0.85,0.541,2,-4.522,1,0.0674,0.161,5.01e-06,0.286,0.916,92.003,165275,4
175,0.644,0.648,1,-4.601,1,0.118,0.276,0.0,0.135,0.44,179.951,206710,4
176,0.725,0.86,1,-3.726,1,0.182,0.422,0.000284,0.0674,0.791,175.896,230125,4
177,0.743,0.655,6,-5.015,0,0.159,0.114,0.0,0.0764,0.785,172.031,261335,4
178,0.765,0.625,9,-3.599,0,0.0548,0.584,0.00111,0.112,0.262,102.101,164706,4
179,0.816,0.71,7,-3.728,1,0.0398,0.165,0.0,0.292,0.784,93.02,208631,4
180,0.795,0.798,9,-2.357,0,0.08,0.532,1.02e-05,0.0869,0.397,104.912,214857,4
181,0.609,0.904,8,-2.619,1,0.324,0.638,0.00416,0.229,0.471,149.149,218921,5
182,0.871,0.9,8,-4.603,0,0.052,0.0695,0.376,0.169,0.634,110.04,157097,4
183,0.849,0.701,6,-4.407,0,0.06,0.407,0.0,0.112,0.505,98.005,261667,4
184,0.795,0.655,7,-3.815,1,0.0422,0.076,1.76e-06,0.296,0.744,93.029,215891,4
185,0.585,0.611,6,-4.132,1,0.288,0.39,0.0,0.649,0.962,97.041,218107,4
186,0.713,0.617,8,-4.637,1,0.0887,0.122,0.0,0.0962,0.682,168.021,232853,4
187,0.732,0.679,3,-3.068,0,0.135,0.195,5.2e-06,0.651,0.443,171.887,260547,4
188,0.763,0.784,2,-3.131,1,0.203,0.284,4.5e-06,0.145,0.609,95.045,143925,4
189,0.695,0.624,0,-4.364,1,0.205,0.0208,0.0,0.057,0.446,186.13,204587,4
190,0.776,0.72,2,-4.681,0,0.151,0.231,0.0,0.147,0.829,168.273,152596,4
191,0.825,0.768,2,-5.788,1,0.174,0.045,0.0,0.0999,0.598,84.009,243036,4
192,0.739,0.627,9,-6.063,0,0.128,0.293,0.0,0.477,0.251,134.045,336149,4
193,0.54,0.455,3,-5.988,1,0.224,0.675,1.08e-05,0.12,0.432,83.876,212032,4
194,0.76,0.668,7,-3.997,0,0.0667,0.397,3.36e-05,0.103,0.71,172.011,202320,4
195,0.818,0.673,4,-7.542,0,0.148,0.348,0.0,0.172,0.695,87.961,193636,4
196,0.636,0.656,2,-5.542,0,0.0676,0.451,7.97e-06,0.287,0.439,171.918,151506,4
197,0.553,0.819,2,-3.083,1,0.257,0.368,1.36e-05,0.0915,0.761,87.913,192348,4
198,0.83,0.748,1,-5.362,1,0.162,0.354,0.0,0.0992,0.523,133.028,177443,4
199,0.627,0.849,1,-3.167,0,0.153,0.0913,0.0,0.145,0.818,89.907,158087,4
200,0.783,0.524,5,-6.455,0,0.0554,0.241,0.0,0.271,0.839,117.496,164896,4
201,0.815,0.832,5,-3.622,0,0.104,0.538,1.01e-06,0.0686,0.912,110.01,141320,4
202,0.828,0.714,10,-6.852,0,0.108,0.185,3.15e-06,0.244,0.407,95.967,143179,4
203,0.829,0.81,2,-4.801,1,0.144,0.0424,0.0,0.0748,0.707,114.044,161485,4
204,0.857,0.766,0,-3.699,1,0.0978,0.108,0.0,0.0817,0.864,106.024,165019,4
205,0.813,0.81,3,-5.382,0,0.0809,0.112,1.59e-06,0.377,0.632,93.005,392867,4
206,0.83,0.623,6,-4.056,1,0.0801,0.0219,0.0,0.0812,0.614,101.036,223366,4
207,0.903,0.817,8,-3.972,1,0.095,0.0272,0.000311,0.242,0.732,102.014,217360,4
208,0.562,0.755,7,-4.367,0,0.112,0.0967,2.25e-05,0.143,0.609,83.997,277693,4
209,0.771,0.769,0,-3.504,0,0.0694,0.18,1.57e-05,0.345,0.931,167.969,289899,4
210,0.897,0.864,11,-3.735,0,0.147,0.252,0.0,0.517,0.542,95.981,207627,4
211,0.639,0.791,10,-4.443,0,0.253,0.0275,0.0,0.362,0.939,92.603,222347,4
212,0.495,0.705,9,-4.097,1,0.153,0.538,0.0,0.123,0.745,86.078,154667,4
213,0.72,0.731,10,-7.372,1,0.0927,0.285,0.0,0.11,0.614,128.988,215813,4
214,0.715,0.634,6,-7.737,1,0.0341,0.0401,1.25e-06,0.0509,0.63,126.023,188773,4
215,0.732,0.912,11,-4.144,1,0.0602,0.189,0.0,0.375,0.893,128.006,201000,4
216,0.638,0.865,7,-5.369,0,0.0372,0.00933,0.000549,0.0547,0.961,132.018,201413,4
217,0.806,0.929,10,-3.017,1,0.121,0.263,0.0,0.0622,0.602,97.99,232373,4
218,0.708,0.87,10,-4.473,1,0.0557,0.0894,0.0,0.347,0.547,99.963,215800,4
219,0.674,0.834,2,-6.089,0,0.0477,0.118,0.00584,0.281,0.795,130.034,194000,4
220,0.636,0.798,10,-7.018,1,0.127,0.0876,0.0,0.372,0.452,128.028,173040,4
221,0.571,0.823,8,-5.874,1,0.193,0.118,6.94e-05,0.0416,0.913,128.98,197773,4
222,0.731,0.91,7,-4.625,1,0.068,0.258,0.0,0.103,0.888,120.031,205056,4
223,0.747,0.872,8,-4.233,1,0.0355,0.0742,0.00039,0.149,0.882,128.013,231562,4
224,0.637,0.863,8,-3.619,1,0.0728,0.479,0.0,0.231,0.972,84.951,185078,4
225,0.803,0.887,1,-5.714,1,0.0527,0.278,1.79e-06,0.0636,0.721,117.021,163760,4
226,0.764,0.745,5,-4.563,0,0.0475,0.0488,0.0,0.172,0.727,93.013,228933,4
227,0.745,0.843,1,-4.383,0,0.0632,0.0898,0.0,0.264,0.893,135.95,202192,4
228,0.691,0.937,2,-1.343,1,0.118,0.114,5.95e-05,0.82,0.9,100.122,178264,4
229,0.832,0.688,5,-4.923,0,0.129,0.244,1.62e-06,0.116,0.406,100.025,213656,4
230,0.876,0.781,8,-2.256,0,0.177,0.00902,0.0,0.354,0.705,119.987,272000,4
231,0.677,0.813,6,-4.01,0,0.187,0.219,0.0,0.18,0.573,169.844,194989,4
232,0.79,0.766,6,-3.497,0,0.111,0.324,0.0,0.0832,0.825,82.026,226010,4
233,0.627,0.794,1,-4.687,1,0.197,0.0759,1.57e-05,0.29,0.797,98.79,329920,4
234,0.773,0.757,1,-4.959,1,0.0526,0.0864,3.73e-06,0.0727,0.858,88.006,226520,4
235,0.704,0.691,6,-5.414,1,0.158,0.255,0.0,0.129,0.427,143.982,270493,4
236,0.766,0.82,0,-3.135,1,0.0688,0.148,0.0,0.659,0.819,164.049,239206,4
237,0.895,0.789,5,-3.802,0,0.0895,0.3,8.6e-06,0.158,0.96,88.004,218593,4
238,0.744,0.754,8,-3.829,1,0.24,0.0213,1.33e-06,0.14,0.841,180.039,228662,4
239,0.755,0.72,1,-4.215,0,0.0826,0.348,0.0,0.168,0.713,175.93,187493,4
240,0.774,0.654,1,-6.932,1,0.234,0.192,0.0,0.303,0.846,166.001,477675,4
241,0.755,0.82,5,-4.408,0,0.0528,0.102,0.0,0.577,0.867,93.995,182293,4
242,0.947,0.958,10,-4.146,1,0.171,0.0404,0.0,0.0916,0.801,115.983,203781,4
243,0.836,0.782,7,-5.93,1,0.0833,0.328,9.41e-06,0.211,0.846,98.0,221768,4
244,0.777,0.84,7,-4.384,1,0.082,0.151,1.24e-06,0.249,0.804,97.979,262707,4
245,0.731,0.849,4,-4.607,0,0.0431,0.0492,1.07e-05,0.105,0.606,93.982,214880,4
246,0.708,0.797,0,-3.095,0,0.0391,0.4,0.0,0.096,0.51,88.015,210000,4
247,0.712,0.851,0,-3.359,1,0.149,0.207,4e-06,0.0334,0.542,95.973,182676,4
248,0.691,0.765,8,-4.727,1,0.111,0.464,3.29e-06,0.203,0.855,174.021,246000,4
249,0.757,0.892,6,-5.321,1,0.124,0.178,4.19e-05,0.0719,0.936,127.014,255947,4
250,0.77,0.804,4,-5.479,1,0.0623,0.16,1e-05,0.193,0.568,94.017,205520,4
251,0.782,0.767,9,-7.981,0,0.0871,0.266,3.64e-05,0.0947,0.622,88.005,304091,4
252,0.813,0.92,4,-2.643,0,0.055,0.279,6.93e-06,0.329,0.767,115.994,229680,4
253,0.775,0.786,1,-4.59,0,0.0503,0.0419,0.000413,0.0875,0.19,114.996,180387,4
254,0.808,0.697,10,-5.899,1,0.241,0.041,0.0,0.0546,0.554,95.06,232020,4
255,0.786,0.819,0,-5.062,1,0.108,0.207,0.0,0.0969,0.775,94.002,187080,4
256,0.836,0.842,5,-5.233,1,0.105,0.285,0.0,0.277,0.757,94.946,186507,4
257,0.815,0.757,10,-6.16,0,0.039,0.382,3.28e-06,0.147,0.734,104.986,209680,4
258,0.676,0.91,9,-5.096,1,0.132,0.257,0.0,0.153,0.716,120.022,216787,4
259,0.741,0.739,2,-5.863,1,0.142,0.268,4.78e-05,0.405,0.765,81.002,262360,4
260,0.718,0.892,9,-3.494,0,0.0404,0.00175,0.0145,0.138,0.828,124.98,263973,4
261,0.69,0.79,1,-6.628,0,0.0864,0.211,0.0,0.106,0.869,172.054,240733,4
262,0.679,0.713,8,-6.625,1,0.0499,0.0226,0.17,0.239,0.882,173.995,201947,4
263,0.785,0.881,8,-4.205,0,0.0505,0.212,0.0,0.753,0.729,113.999,239493,4
264,0.701,0.896,0,-6.459,1,0.0814,0.0866,0.0,0.0572,0.896,130.067,198387,4
265,0.855,0.912,10,-4.832,0,0.145,0.183,0.0,0.122,0.885,104.072,157023,4
266,0.807,0.647,11,-6.341,0,0.0638,0.46,0.0,0.0937,0.933,89.998,213667,4
267,0.592,0.703,0,-6.696,0,0.138,0.0337,0.0,0.0894,0.882,81.231,255904,4
268,0.788,0.775,6,-3.554,0,0.093,0.076,0.0,0.123,0.454,95.104,168520,4
269,0.796,0.68,10,-5.555,0,0.37,0.0575,0.000683,0.103,0.71,179.923,176143,4
270,0.863,0.666,1,-4.158,0,0.152,0.212,0.000493,0.103,0.838,163.908,178947,4
271,0.635,0.706,5,-3.224,0,0.125,0.256,0.0,0.108,0.443,88.863,209160,4
272,0.843,0.845,0,-2.344,1,0.0503,0.35,0.00168,0.0527,0.898,126.989,210624,4
273,0.739,0.672,8,-4.127,0,0.174,0.0897,0.0,0.104,0.739,179.78,178080,4
274,0.81,0.789,8,-5.08,1,0.0846,0.191,1.08e-05,0.467,0.77,105.009,176000,4
275,0.911,0.712,1,-5.105,0,0.0817,0.0901,2.68e-05,0.0933,0.425,92.005,178567,4
276,0.65,0.715,5,-5.198,0,0.253,0.0993,0.000291,0.126,0.187,106.672,243717,4
277,0.795,0.845,9,-3.809,0,0.135,0.105,1.14e-05,0.172,0.769,170.023,254920,4
278,0.808,0.814,0,-5.451,1,0.0586,0.0167,5.04e-05,0.0591,0.708,92.024,224333,4
279,0.739,0.788,1,-5.198,1,0.0731,0.0513,0.0,0.282,0.473,175.996,324426,4
280,0.773,0.593,1,-11.948,1,0.104,0.126,0.0,0.0786,0.883,93.984,197546,4
281,0.736,0.68,11,-4.278,0,0.12,0.155,7.71e-06,0.0643,0.724,168.068,249801,4
282,0.782,0.655,6,-5.971,0,0.0566,0.377,0.00134,0.0749,0.662,135.018,175556,4
283,0.829,0.799,9,-5.389,1,0.0897,0.0151,0.000543,0.242,0.471,97.013,227629,4
284,0.795,0.684,11,-3.971,0,0.0419,0.0225,0.0,0.658,0.419,114.011,237895,4
285,0.625,0.839,6,-4.824,0,0.0927,0.00762,2.35e-05,0.464,0.771,184.08,233520,4
286,0.625,0.754,6,-4.158,0,0.076,0.17,3.76e-05,0.109,0.746,89.888,239797,4
287,0.909,0.824,1,-4.627,1,0.0797,0.0777,0.00387,0.0638,0.585,109.97,322347,4
288,0.822,0.719,10,-3.633,0,0.0576,0.165,2.48e-05,0.174,0.659,82.01,225366,4
289,0.783,0.72,7,-4.192,0,0.0455,0.231,0.000212,0.344,0.534,93.986,187213,4
290,0.773,0.767,7,-4.019,1,0.0819,0.0352,0.0,0.299,0.49,94.99,252162,4
291,0.752,0.803,1,-4.277,1,0.0747,0.212,9.86e-06,0.345,0.679,89.996,184520,4
292,0.827,0.819,6,-3.701,1,0.052,0.1,0.0,0.089,0.562,92.017,191087,4
293,0.848,0.673,11,-4.034,0,0.058,0.0147,0.00652,0.102,0.39,93.987,199149,4
294,0.566,0.679,6,-3.282,0,0.0863,0.079,0.000808,0.105,0.446,90.907,202600,4
295,0.802,0.828,1,-3.601,1,0.0756,0.0217,0.0,0.0692,0.722,91.983,151573,4
296,0.845,0.768,3,-5.593,0,0.076,0.0212,0.0,0.149,0.653,121.003,172562,4
297,0.859,0.553,9,-5.726,0,0.0456,0.628,0.00011,0.109,0.338,122.048,243934,4
298,0.621,0.782,2,-5.548,1,0.044,0.0125,0.033,0.23,0.55,128.033,198938,4
299,0.82,0.752,1,-7.635,0,0.0648,0.0584,0.00417,0.628,0.423,127.999,187500,4
300,0.845,0.776,11,-3.098,0,0.0488,0.111,0.0321,0.0684,0.528,105.018,222857,4
301,0.809,0.817,2,-3.773,1,0.137,0.0686,0.0,0.177,0.685,169.87,221133,4
302,0.834,0.828,11,-2.657,0,0.0452,0.21,5.91e-06,0.103,0.58,102.019,195294,4
303,0.919,0.623,7,-6.521,1,0.0992,0.184,1.63e-05,0.0609,0.775,130.037,157018,4
304,0.531,0.592,1,-4.276,0,0.288,0.087,0.0,0.0669,0.64,176.058,189730,4
305,0.87,0.55,5,-5.537,1,0.0722,0.102,0.0,0.293,0.566,95.019,156400,4
306,0.627,0.858,11,-2.824,0,0.386,0.263,0.0,0.21,0.342,92.523,209160,4
307,0.689,0.856,5,-3.394,0,0.0813,0.0493,0.0,0.232,0.706,126.108,161881,4
308,0.868,0.878,1,-3.294,1,0.038,0.0509,0.00052,0.0857,0.899,112.987,232843,4
309,0.815,0.67,11,-4.076,1,0.109,0.0902,0.000854,0.0973,0.768,172.014,195349,4
310,0.78,0.791,3,-6.87,0,0.0756,0.161,0.00012,0.0673,0.895,121.958,186885,4
311,0.609,0.821,8,-4.888,1,0.191,0.112,0.00052,0.305,0.575,115.028,212000,4
312,0.817,0.64,9,-4.397,0,0.1,0.254,0.0,0.197,0.398,90.011,181333,4
313,0.835,0.679,7,-5.329,0,0.0364,0.583,1.98e-06,0.218,0.85,124.98,162638,4
314,0.736,0.77,10,-6.477,0,0.0335,0.109,0.0,0.112,0.837,135.018,209516,4
315,0.788,0.774,10,-3.142,1,0.0435,0.0385,3.35e-05,0.0747,0.632,128.0,171400,4
316,0.913,0.803,0,-3.911,1,0.0353,0.116,0.000275,0.111,0.947,126.016,154628,4
317,0.738,0.674,4,-3.837,0,0.179,0.727,0.00229,0.0815,0.556,179.979,204655,4
318,0.656,0.773,8,-3.971,1,0.155,0.0698,0.0,0.305,0.543,180.079,206576,4
319,0.785,0.758,1,-4.86,1,0.172,0.208,0.0391,0.184,0.735,176.962,176241,4
320,0.657,0.787,9,-4.981,1,0.0894,0.0726,1.65e-06,0.0866,0.858,91.488,193575,4
321,0.596,0.868,1,-3.632,1,0.196,0.148,0.00232,0.296,0.648,93.862,254458,4
322,0.823,0.892,4,-5.306,0,0.119,0.176,0.0,0.495,0.785,100.05,174947,4
323,0.861,0.786,1,-3.833,1,0.229,0.485,2.44e-05,0.113,0.778,104.017,252440,4
324,0.803,0.873,11,-3.784,0,0.144,0.0569,0.0,0.151,0.56,108.022,199968,4
325,0.785,0.427,3,-10.705,1,0.187,0.544,7e-05,0.132,0.587,98.017,217959,4
326,0.678,0.81,8,-3.949,0,0.121,0.522,1.11e-05,0.274,0.629,171.972,218320,4
327,0.816,0.77,1,-5.477,1,0.0538,0.0798,0.0,0.118,0.671,96.99,230653,4
328,0.751,0.761,11,-4.113,0,0.15,0.251,0.000238,0.0991,0.553,92.032,151325,4
329,0.736,0.727,5,-4.642,0,0.0571,0.0584,1.91e-06,0.0976,0.644,94.048,229065,4
330,0.794,0.88,5,-2.893,0,0.0736,0.0871,0.00204,0.356,0.787,93.982,207906,4
331,0.655,0.645,11,-5.592,0,0.0949,0.114,0.0,0.0762,0.598,180.074,218293,4
332,0.612,0.697,0,-5.476,1,0.0387,0.261,0.0,0.347,0.633,91.976,176087,4
333,0.873,0.695,0,-4.207,0,0.0459,0.419,1.23e-06,0.211,0.823,131.963,158805,4
334,0.873,0.847,10,-4.189,0,0.0472,0.248,0.00378,0.0818,0.921,130.035,254615,4
335,0.824,0.87,10,-4.099,0,0.0803,0.143,0.0,0.15,0.868,97.03,201961,4
336,0.727,0.896,2,-5.824,1,0.0471,0.718,0.0,0.354,0.894,81.995,226046,4
337,0.773,0.85,0,-6.338,1,0.186,0.185,0.0,0.0821,0.908,91.8,190225,4
338,0.81,0.393,4,-9.029,0,0.275,0.495,6.43e-05,0.0618,0.508,90.006,149500,4
339,0.707,0.572,1,-5.378,1,0.157,0.497,4.06e-06,0.126,0.456,98.003,168367,4
340,0.662,0.828,9,-5.854,1,0.0821,0.148,0.0,0.423,0.451,113.039,191693,4
341,0.872,0.681,0,-4.348,0,0.11,0.0462,1.38e-05,0.129,0.481,96.986,188009,4
342,0.713,0.703,8,-5.769,1,0.194,0.298,0.0,0.321,0.576,123.06,255693,4
343,0.798,0.718,8,-6.237,0,0.0443,0.263,0.0,0.142,0.727,126.01,260952,4
344,0.488,0.764,1,-5.012,1,0.0528,0.19,5.73e-05,0.0502,0.964,104.992,227719,4
345,0.691,0.777,9,-5.629,1,0.0501,0.0344,0.0,0.0592,0.639,128.001,153643,4
346,0.838,0.881,10,-2.637,1,0.116,0.0752,0.0095,0.111,0.0602,100.034,141600,4
347,0.799,0.775,11,-5.869,1,0.077,0.0308,0.00526,0.309,0.605,95.027,296907,4
348,0.755,0.733,1,-4.209,1,0.046,0.522,0.000982,0.134,0.75,95.991,201562,4
349,0.803,0.779,11,-4.449,0,0.0694,0.066,2.23e-05,0.111,0.317,94.009,208895,4
350,0.818,0.706,10,-9.273,0,0.0533,0.0669,0.000249,0.0977,0.709,109.981,189550,4
351,0.693,0.752,9,-4.108,1,0.0729,0.499,2.66e-05,0.123,0.796,185.996,190296,4
352,0.773,0.57,8,-3.482,1,0.113,0.372,0.00524,0.108,0.772,95.038,187125,4
353,0.77,0.612,9,-7.755,0,0.086,0.0789,0.0,0.153,0.63,90.02,212161,4
354,0.75,0.625,5,-6.97,0,0.047,0.215,0.0,0.0968,0.679,91.954,184277,4
355,0.757,0.738,8,-4.913,0,0.22,0.712,9.67e-06,0.198,0.753,120.091,199831,4
356,0.813,0.772,0,-4.921,1,0.117,0.121,0.0,0.0886,0.443,119.99,190745,4
357,0.742,0.57,5,-9.074,1,0.0482,0.789,0.00294,0.135,0.346,119.998,200279,4
358,0.823,0.845,0,-2.547,1,0.0559,0.109,0.0,0.116,0.395,110.033,148364,4
359,0.834,0.814,6,-5.624,1,0.0522,0.0314,0.00014,0.31,0.963,97.987,303673,4
360,0.893,0.785,2,-5.919,0,0.0812,0.0394,0.0,0.055,0.93,96.039,191400,4
361,0.874,0.69,10,-6.373,1,0.114,0.121,0.0,0.249,0.735,95.025,227280,4
362,0.872,0.786,1,-5.473,1,0.142,0.0348,0.0,0.0776,0.722,96.002,172680,4
363,0.841,0.694,7,-5.114,0,0.0937,0.0759,0.0,0.102,0.83,90.034,186976,4
364,0.724,0.631,4,-4.42,0,0.0686,0.249,0.0,0.213,0.957,176.076,160909,4
365,0.787,0.705,0,-7.582,1,0.0695,0.137,1.06e-06,0.108,0.499,81.998,188654,4
366,0.758,0.888,1,-2.851,1,0.0706,0.34,0.00139,0.144,0.408,107.039,197383,4
367,0.627,0.768,11,-5.296,0,0.0325,0.00291,0.0,0.0598,0.237,127.953,274947,4
368,0.671,0.939,8,-3.206,1,0.161,0.191,0.0,0.298,0.53,129.024,252307,4
369,0.895,0.763,1,-3.488,1,0.0774,0.0713,0.000526,0.219,0.638,119.973,131438,4
370,0.646,0.865,6,-4.215,1,0.0983,0.269,4.16e-06,0.11,0.762,191.954,217093,4
371,0.87,0.548,10,-5.253,0,0.077,0.0924,4.6e-05,0.0534,0.832,96.018,153750,4
372,0.713,0.794,9,-4.223,0,0.247,0.052,0.0,0.287,0.838,174.082,249200,4
373,0.667,0.81,1,-2.801,0,0.344,0.0922,0.0,0.131,0.829,121.373,180060,4
374,0.793,0.853,1,-3.655,1,0.0477,0.0937,0.0,0.085,0.906,164.022,240320,4
375,0.544,0.747,6,-4.659,1,0.194,0.389,6.81e-06,0.159,0.476,123.647,194400,5
376,0.822,0.851,11,-3.314,0,0.0422,0.333,0.00792,0.105,0.749,117.992,185085,4
377,0.729,0.68,4,-5.687,1,0.0554,0.393,0.0,0.239,0.466,114.928,210750,4
378,0.793,0.736,7,-3.254,0,0.0469,0.0822,0.0,0.109,0.656,112.993,237525,4
379,0.673,0.809,6,-3.426,1,0.0805,0.287,0.0,0.213,0.514,91.935,151304,4
380,0.79,0.655,1,-3.376,1,0.0762,0.464,0.00165,0.0837,0.56,170.023,216414,4
381,0.779,0.825,1,-3.366,0,0.306,0.146,0.0,0.0989,0.654,171.926,162147,4
382,0.758,0.786,0,-4.847,1,0.0928,0.167,8.46e-06,0.0705,0.592,92.984,174960,4
383,0.653,0.868,8,-4.059,1,0.0938,0.0823,1.91e-05,0.272,0.653,180.224,206667,4
384,0.72,0.63,4,-3.547,0,0.277,0.673,0.0,0.0936,0.607,179.974,199440,4
385,0.9,0.707,1,-2.792,1,0.0934,0.161,4.25e-05,0.176,0.634,124.042,180040,4
386,0.421,0.72,7,-6.257,1,0.0571,0.266,0.0,0.225,0.24,97.998,247500,4
387,0.637,0.65,11,-6.646,1,0.185,0.682,2.2e-06,0.0786,0.736,176.075,186120,4
388,0.836,0.8,5,-2.822,0,0.0638,0.0792,0.0,0.0822,0.543,97.054,120413,4
389,0.771,0.735,1,-3.388,1,0.114,0.103,6.19e-05,0.0503,0.72,96.253,144613,4
390,0.725,0.975,4,-2.671,0,0.063,0.0261,0.00124,0.137,0.885,130.053,154173,4
391,0.792,0.676,1,-12.813,1,0.0546,0.172,1.93e-05,0.0654,0.712,117.011,188894,4
392,0.736,0.878,1,-3.604,0,0.0428,0.069,6.39e-05,0.756,0.663,100.025,209787,4
393,0.756,0.689,10,-3.87,0,0.0648,0.327,0.0,0.0586,0.782,162.006,213312,4
394,0.766,0.913,2,-3.76,1,0.0954,0.0879,0.0,0.0622,0.72,167.927,161288,4
395,0.651,0.557,5,-5.466,0,0.204,0.0358,0.0,0.154,0.711,87.063,206947,4
396,0.683,0.764,2,-5.995,1,0.0441,0.0427,0.0,0.0963,0.137,149.949,160325,4
397,0.81,0.815,10,-3.101,0,0.1,0.231,0.0,0.0577,0.958,95.003,444632,4
398,0.841,0.958,2,-3.263,1,0.216,0.143,0.0,0.0467,0.764,112.016,160714,4
